{
  "ADOOR SRTO": "Kottayam",
  "ALANGUDI UO": "Thanjavur",
  "ALANGULAM UO": "Tirunelveli",
  "ALAPPUZHA RTO": "Ernakulam",
  "ALATHUR SRTO": "Thrissur",
  "ALUVA SRTO": "Ernakulam",
  "AMBASAMUTHIRAM UO": "Tirunelveli",
  "AMBATTUR RTO": "Chennai",
  "AMBUR UO": "Vellore",
  "ANGAMALI SRTO": "Ernakulam",
  "ARAKKONAM UO": "Vellore",
  "ARANI RTO": "Vellore",
  "ARANTHANGI UO": "Thanjavur",
  "ARAVAKURICHI UO": "Salem",
  "ARIYALUR RTO": "Tiruchirappalli",
  "ARUPPUKOTTAI UO": "Madurai",
  "ATHANI ARTO": "Belgaum",
  "ATTINGAL RTO": "Thiruvananthapuram",
  "ATTUR RTO": "Salem",
  "AVINASHI UO": "Coimbatore",
  "BAGALKOT  RTO": "Bijapur",
  "BAHOUR": "Pondicherry",
  "BAILHONGAL  RTO": "Belgaum",
  "BANTWALA ARTO": "Mangalore",
  "BASAVAKALYAN ARTO": "Kalaburagi",
  "BATLAGUNDU UO": "Tiruchirappalli",
  "BELLARY  RTO": "Hospet",
  "BENGALURU CENTRAL  RTO": "Bangalore",
  "BENGALURU EAST  RTO": "Bangalore",
  "BENGALURU NORTH  RTO": "Bangalore",
  "BENGALURU SOUTH  RTO": "Bangalore",
  "BENGALURU WEST  RTO": "Bangalore",
  "BHALKI  ARTO": "Kalaburagi",
  "BHAVANI UO": "Erode",
  "BIDAR  RTO": "Kalaburagi",
  "BIJAPUR  RTO": "Bijapur",
  "CHADAYAMANGALA SRTO": "Thiruvananthapuram",
  "CHALAKKUDY SRTO": "Thrissur",
  "CHAMARAJANAGAR  RTO": "Mysore",
  "CHANDAPURA, BENGALURU RTO": "Bangalore",
  "CHANGANACHERRY SRTO": "Kottayam",
  "CHENGALPATTU RTO": "Chennai",
  "CHENGANNUR SRTO": "Ernakulam",
  "CHENNAI (CENTRAL) RTO": "Chennai",
  "CHENNAI (EAST) RTO": "Chennai",
  "CHENNAI (NORTH) RTO": "Chennai",
  "CHENNAI (NORTH-EAST) RTO": "Chennai",
  "CHENNAI (SOUTH) RTO": "Chennai",
  "CHENNAI (SOUTH-EAST) RTO": "Chennai",
  "CHENNAI (SOUTH-WEST) RTO": "Chennai",
  "CHENNAI (WEST) RTO": "Chennai",
  "CHERTHALA SRTO": "Ernakulam",
  "CHEYYAR UO": "Vellore",
  "CHICKABALLAPUR  RTO": "Tumkur",
  "CHIDAMBARAM RTO": "Cuddalore",
  "CHIKAMANGLUR RTO": "Mangalore",
  "CHIKKODI  RTO": "Belgaum",
  "CHINTAMANI ARTO": "Tumkur",
  "CHITRADURGA  RTO": "Tumkur",
  "CHITTUR SRTO": "Thrissur",
  "COIMBATORE (CENTRAL) RTO": "Coimbatore",
  "COIMBATORE (NORTH) RTO": "Coimbatore",
  "COIMBATORE (SOUTH) RTO": "Coimbatore",
  "COIMBATORE (WEST) RTO": "Coimbatore",
  "CUDDALORE RTO": "Cuddalore",
  "DANDELI ARTO": "Hubli",
  "DAVANAGERE  RTO": "Shimoga",
  "DEVANAHALLI  ARTO": "Bangalore",
  "DEVIKULAM SRTO": "Ernakulam",
  "DHARAPURAM RTO": "Coimbatore",
  "DHARMAPURI RTO": "Krishnagiri",
  "DHARWAD EAST RTO": "Hubli",
  "DHARWAD WEST RTO": "Hubli",
  "DINDIGUL RTO": "Tiruchirappalli",
  "ELECTRONIC CITY  RTO": "Bangalore",
  "ERNAKULAM RTO": "Ernakulam",
  "ERODE (WEST) RTO": "Erode",
  "ERODE RTO": "Erode",
  "GADAG  RTO": "Hubli",
  "GINGEE UO": "Cuddalore",
  "GOKAK  ARTO": "Belgaum",
  "GOPICHETTIPALAYAM RTO": "Erode",
  "GUDALORE UO": "Coimbatore",
  "GUDIYATHAM UO": "Vellore",
  "GUMMIDIPOONDI UO": "Chennai",
  "GURUVAYUR SRTO": "Thrissur",
  "HARUR UO": "Krishnagiri",
  "HASSAN  RTO": "Mangalore",
  "HAVERI  RTO": "Hubli",
  "HONNAVAR  ARTO": "Hubli",
  "HOSPET  RTO": "Hospet",
  "HOSUR RTO": "Krishnagiri",
  "HUNSUR  ARTO": "Mysore",
  "IDUKKI RTO": "Ernakulam",
  "ILLUPPUR UO": "Thanjavur",
  "IRINJALAKUDA SRTO": "Thrissur",
  "IRITTY SRTO": "Kannur",
  "JAMKHANDI  ARTO": "Bijapur",
  "JNANABHARATHI  RTO": "Bangalore",
  "K G F  ARTO": "Bangalore",
  "KALABURAGI  RTO": "Kalaburagi",
  "KALLAKURICHI RTO": "Cuddalore",
  "KANCHEEPURAM RTO": "Vellore",
  "KANGEYAM UO": "Coimbatore",
  "KANHANGAD SRTO": "Kannur",
  "KANJIRAPPALLY SRTO": "Kottayam",
  "KANNUR RTO": "Kannur",
  "KARAIKAL": "Pondicherry",
  "KARAIKUDI UO": "Madurai",
  "KARUNAGAPPALLY SRTO": "Thiruvananthapuram",
  "KARUR RTO": "Salem",
  "KARWAR  RTO": "Hubli",
  "KASARGODE RTO": "Kannur",
  "KATTAKADA SRTO": "Thiruvananthapuram",
  "KAYAMKULAM SRTO": "Ernakulam",
  "KAZHAKUTTOM SRTO": "Thiruvananthapuram",
  "KODUNGALLUR SRTO": "Thrissur",
  "KODUVALLY SRTO": "Kozhikode",
  "KOILANDY SRTO": "Kozhikode",
  "KOLAR  RTO": "Bangalore",
  "KOLLAM RTO": "Thiruvananthapuram",
  "KONDOTTY SRTO": "Malappuram",
  "KONNI SRTO": "Kottayam",
  "KOPPAL  RTO": "Hospet",
  "KOTHAMANGALAM SRTO": "Ernakulam",
  "KOTTARAKKARA SRTO": "Thiruvananthapuram",
  "KOTTAYAM RTO": "Kottayam",
  "KOVILPATTI RTO": "Tirunelveli",
  "KOZHIKODE RTO": "Kozhikode",
  "KRISHNAGIRI RTO": "Krishnagiri",
  "KRISHNARAJAPURAM  RTO": "Bangalore",
  "KULITHALI UO": "Salem",
  "KUMARAPALAYAM RTO": "Salem",
  "KUMBAKONAM RTO": "Thanjavur",
  "KUNDRATHUR RTO": "Chennai",
  "KUNNATHUR SRTO": "Thiruvananthapuram",
  "KUTTANADU SRTO": "Ernakulam",
  "LALKUDI UO": "Tiruchirappalli",
  "MADHUGIRI, TUMAKURU ARTO": "Tumkur",
  "MADIKERI  RTO": "Mysore",
  "MADURAI (CENTRAL) RTO": "Madurai",
  "MADURAI (NORTH) RTO": "Madurai",
  "MADURAI (SOUTH) RTO": "Madurai",
  "MADURANTAGAM UO": "Chennai",
  "MAHE": "Pondicherry",
  "MALAPPURAM RTO": "Malappuram",
  "MALLAPPALLY SRTO": "Kottayam",
  "MANANTHAVADY SRTO": "Kozhikode",
  "MANAPARAI UO": "Tiruchirappalli",
  "MANDYA  RTO": "Mysore",
  "MANGALORE  RTO": "Mangalore",
  "MANMANGALAM UO": "Salem",
  "MANNARGHAT SRTO": "Thrissur",
  "MANNARGUDI UO": "Thanjavur",
  "MARTHANDAM RTO": "Kanyakumari",
  "MATTANCHERRY SRTO": "Ernakulam",
  "MAVELIKKARA SRTO": "Ernakulam",
  "MAYILADUTHURAI RTO": "Thanjavur",
  "MEENAMBAKKAM RTO": "Chennai",
  "MELUR UO": "Madurai",
  "METTUPALAYAM RTO": "Coimbatore",
  "METTUR RTO": "Salem",
  "MUSURI UO": "Tiruchirappalli",
  "MUVATTUPUZHA RTO": "Ernakulam",
  "MYSURU  EAST  RTO": "Mysore",
  "MYSURU WEST  RTO": "Mysore",
  "NAGAMANGALA  RTO": "Mysore",
  "NAGAPATTINAM RTO": "Thanjavur",
  "NAGERCOIL RTO": "Kanyakumari",
  "NAMAKKAL (NORTH) RTO": "Salem",
  "NAMAKKAL (SOUTH) RTO": "Salem",
  "NANMANDA SRTO": "Kozhikode",
  "NATHAM UO": "Tiruchirappalli",
  "NEDUMANGADU SRTO": "Thiruvananthapuram",
  "NELAMANGALA  RTO": "Bangalore",
  "NEYVELI UO": "Cuddalore",
  "NEYYATTINKARA SRTO": "Thiruvananthapuram",
  "NILAMBUR SRTO": "Malappuram",
  "NORTH PARUR SRTO": "Ernakulam",
  "ODDANCHATRAM  UO": "Tiruchirappalli",
  "OMALURE UO": "Salem",
  "OOTY RTO": "Coimbatore",
  "OTTAPPALAM SRTO": "Thrissur",
  "OULGARET": "Pondicherry",
  "PALACODE UO": "Krishnagiri",
  "PALAI SRTO": "Kottayam",
  "PALAKKAD RTO": "Thrissur",
  "PALANI RTO": "Tiruchirappalli",
  "PANRUTI UO": "Cuddalore",
  "PARAMAKUDI UO": "Madurai",
  "PARAMATHI VELLURE UO": "Salem",
  "PARASSALA SRTO": "Thiruvananthapuram",
  "PATHANAMTHITTA RTO": "Kottayam",
  "PATHANAPURAM SRTO": "Thiruvananthapuram",
  "PATTAMBI SRTO": "Thrissur",
  "PATTUKOTTAI UNIT OFFICE": "Thanjavur",
  "PAYYANNUR SRTO": "Kannur",
  "PERAMBALUR RTO": "Tiruchirappalli",
  "PERAMBRA SRTO": "Kozhikode",
  "PERINTHALMANNA SRTO": "Malappuram",
  "PERUMBAVUR SRTO": "Ernakulam",
  "PERUNDURAI RTO": "Erode",
  "POLLACHI RTO": "Coimbatore",
  "PONNANI SRTO": "Malappuram",
  "POONAMALLEE RTO": "Chennai",
  "PUDUCHERRY": "Pondicherry",
  "PUDUKOTTAI RTO": "Thanjavur",
  "PUNALUR SRTO": "Thiruvananthapuram",
  "PUTTUR  RTO": "Mangalore",
  "RAICHUR  RTO": "Hospet",
  "RAJAPALAYAM UO": "Madurai",
  "RAMANAGAR  RTO": "Bangalore",
  "RAMANATHAPURAM RTO": "Madurai",
  "RAMANATTUKARA (FEROKE) SRTO": "Kozhikode",
  "RAMDURGA ARTO": "Belgaum",
  "RANIBENNUR ARTO": "Hubli",
  "RANIPET RTO": "Vellore",
  "RANNI SRTO": "Kottayam",
  "RASIPURAM UO": "Salem",
  "REDHILLS RTO": "Chennai",
  "REGIONAL TRANSPORT OFFICE BELAGAVI": "Belgaum",
  "RTO CHENNAI (NORTH WEST)": "Chennai",
  "SAGAR  ARTO": "Shimoga",
  "SAKALESHPURA  ARTO": "Mangalore",
  "SALEM (EAST) RTO": "Salem",
  "SALEM (SOUTH) RTO": "Salem",
  "SALEM (WEST) RTO": "Salem",
  "SANKAGIRI RTO": "Salem",
  "SANKARANKOVIL RTO": "Tirunelveli",
  "SATHYAMANGALAM UO": "Erode",
  "SHIMOGA  RTO": "Shimoga",
  "SHOLINGANALLUR RTO": "Chennai",
  "SIRKALI UO": "Thanjavur",
  "SIRSI  RTO": "Hubli",
  "SIVAGANGAI RTO": "Madurai",
  "SIVAKASI RTO": "Madurai",
  "SRIPERUMBUDUR RTO": "Chennai",
  "SRIRANGAM RTO": "Tiruchirappalli",
  "SRIVILLIPUTHUR RTO": "Madurai",
  "SULTHANBATHERY SRTO": "Kozhikode",
  "SULUR UO": "Coimbatore",
  "TAMBARAM RTO": "Chennai",
  "TARIKERE, CHIKKAMAGALURU ARTO": "Mangalore",
  "TENKASI RTO": "Tirunelveli",
  "THALASSERY SRTO": "Kannur",
  "THALIPARAMBA SRTO": "Kannur",
  "THANJAVUR RTO": "Thanjavur",
  "THENI RTO": "Madurai",
  "THIRUCHENDUR RTO": "Tirunelveli",
  "THIRUKALUKUNTRAM UO": "Chennai",
  "THIRUMANGALAM  UO": "Madurai",
  "THIRUPATTUR RTO": "Vellore",
  "THIRUR SRTO": "Malappuram",
  "THIRURANGADI SRTO": "Malappuram",
  "THIRUTHURAIPOONDI UO": "Thanjavur",
  "THIRUTTANI UO": "Chennai",
  "THIRUVALLA SRTO": "Kottayam",
  "THODUPUZHA SRTO": "Ernakulam",
  "THOOTHUKUDI RTO": "Tirunelveli",
  "THRIPRAYAR SRTO": "Thrissur",
  "THRISSUR RTO": "Thrissur",
  "THURAIYUR UO": "Tiruchirappalli",
  "TINDIVANAM RTO": "Cuddalore",
  "TIPTUR  ARTO": "Tumkur",
  "TIRUCHENGODE RTO": "Salem",
  "TIRUCHI RTO": "Tiruchirappalli",
  "TIRUCHI(EAST) RTO": "Tiruchirappalli",
  "TIRUNELVELI RTO": "Tirunelveli",
  "TIRUPPUR (NORTH) RTO": "Coimbatore",
  "TIRUPPUR (SOUTH) RTO": "Coimbatore",
  "TIRUVALLUR RTO": "Chennai",
  "TIRUVANNAMALAI RTO": "Vellore",
  "TIRUVARUR RTO": "Thanjavur",
  "TIRUVERANBUR UO": "Tiruchirappalli",
  "TRIPUNITHURA SRTO": "Ernakulam",
  "TRIVANDRUM RTO": "Thiruvananthapuram",
  "TUMKUR  RTO": "Tumkur",
  "UDUMALPET RTO": "Coimbatore",
  "UDUMBANCHOLA SRTO": "Ernakulam",
  "UDUPI  RTO": "Mangalore",
  "ULUNDURPET RTO": "Cuddalore",
  "USILAMPATTI UO": "Madurai",
  "UTHAMAPALAYAM UO": "Madurai",
  "UZHAVOOR SRTO": "Kottayam",
  "VADAKARA RTO": "Kozhikode",
  "VADIPATTI UO": "Madurai",
  "VAIKOM SRTO": "Kottayam",
  "VALAPPADI UO": "Salem",
  "VALLIYUR UO": "Tirunelveli",
  "VALPARAI UO": "Coimbatore",
  "VANDIPERIYAR SRTO": "Ernakulam",
  "VANIYAMBADI RTO": "Vellore",
  "VARKALA SRTO": "Thiruvananthapuram",
  "VEDACHANDUR UO": "Tiruchirappalli",
  "VELLARIKUNDU SRTO": "Kannur",
  "VELLORE RTO": "Vellore",
  "VILLIANUR": "Pondicherry",
  "VILUPPURAM RTO": "Cuddalore",
  "VIRUDHACHALAM UO": "Cuddalore",
  "VIRUDHUNAGAR RTO": "Madurai",
  "WADAKKANCHERRY SRTO": "Thrissur",
  "WAYANAD RTO": "Kozhikode",
  "YADGIRI  RTO": "Kalaburagi",
  "YALAHANKA  RTO": "Bangalore",
  "YANAM": "Pondicherry"
}
